{"assets/app_icon.png":["assets/app_icon.png"],"assets/fonts/readex-bold.ttf":["assets/fonts/readex-bold.ttf"],"assets/fonts/readex.ttf":["assets/fonts/readex.ttf"],"assets/images/logo.png":["assets/images/logo.png"],"assets/images/missing.png":["assets/images/missing.png"],"packages/fluent_ui/assets/AcrylicNoise.png":["packages/fluent_ui/assets/AcrylicNoise.png"],"packages/fluent_ui/fonts/FluentIcons.ttf":["packages/fluent_ui/fonts/FluentIcons.ttf"],"packages/fluent_ui/fonts/SegoeIcons.ttf":["packages/fluent_ui/fonts/SegoeIcons.ttf"]}